125-121124-0082.wav,no said the banker i have appeared rather ridiculous since that affair of benedetto so i remained in the background but you are wrong how are you to blame in that affair
2277-149874-0018.wav,it was under such auspicious circumstances that she started out this morning to look for work
250-142276-0014.wav,too plainly for beauty of his features had been less finely cut as it was they had a grace if not a comeliness of their own the face was in repose but it was rather rest after weariness
254-127705-0032.wav,to this they replied that tanya had never consented to the sale of their valley and had never received pay for it the other chief they said had no right to sell their territory
289-121665-0037.wav,and after pondering the matter for a time she became discouraged and thinking she was no better off than before the tales were found she began to weep and to bewail her misfortune but amidst her tears she bethought herself of her needle and thread
322-124147-0003.wav,mister collins was also in the same state of angry pride elizabeth had hoped that his resentment might shorten his visit but his land did not appear in the least affected by it he was always to have gone on saturday
3857-180923-0011.wav,at the time of his death in eighteen ninety seven he was lecturer in the yale law school and member of the supreme court of errors
5652-39938-0036.wav,the patient must be brought under conditions and influences which give fair chances for the recuperation of his energies too often from the standpoint of the psychologist the prescription is simply rest
6295-64301-0008.wav,the nalanda said joseph
6925-80680-0069.wav,how do you think our princess is looking now a very fine no doubt grumbled the parrot but what is the use of dressing up like that for one's self only she ought to have a husband why doesn't she marry the man who got her all these splendid things
